[
    {
        "adapter": "Pipeline-Import",
        "migrationjob": "Import",
        "version": "V1",
        "config":
        {
            "Source":  "https://dev.azure.com/PeabDevOps",
            "Target":  "https://dev.azure.com/PeabDevOps",
            "SourceFilePath": "C:\\Temp\\PEAB\\Pipeline",
            "orgName": "PeabDevOps",
            "TargetProject": "Sandbox-migration",
            "queueIdMapping": "ap-mapping.csv",
            "serviceConnectionMapping": "sc-mapping.csv",
            "variableGroupsMapping": "vg-mapping.csv",
            "repositoryMapping": "repo-mapping.csv"
        }
    }
]