[
    {
        "adapter": "AreaPath-Export",
        "migrationjob": "Export",
        "version": "V1",
        "config":
        {
            "source": "https://dev.azure.com/PeabDevOps",
            "target": "C:\\Temp\\PEAB\\AreaPath",
            "ProjectName": "Integration"
        }
    },
    {
        "adapter": "IterationPath-Export",
        "migrationjob": "Export",
        "version": "V1",
        "config":
        {
            "source": "https://dev.azure.com/PeabDevOps",
            "target": "C:\\Temp\\PEAB\\IterationPath",
            "ProjectName": "Integration"
        }
    },
    {
        "adapter": "VariableGroup-Export",
        "migrationjob": "Export",
        "version": "V1",
        "config":
        {
            "source": "https://dev.azure.com/PeabDevOps",
            "target": "C:\\Temp\\PEAB\\VariableGroup",
            "ProjectName": "Integration"
        }
    },
    {
        "adapter": "Team-Export",
        "migrationjob": "Export",
        "version": "V1",
        "config":
        {
            "source": "https://dev.azure.com/PeabDevOps",
            "target": "C:\\Temp\\PEAB\\Team",
            "ProjectName": "Integration"
        }
    },
    {
        "adapter": "GitExport",
        "migrationjob": "Export",
        "version": "V1",
        "config":
        {
            "Source": "https://dev.azure.com/PeabDevOps",
            "Target": "C:\\Temp\\PEAB\\Git",
            "Projects": [
                {
                    "Name": "Integration",
                    "Repositories": [
                        {
                            "Name": "*"
                        }
                    ]
                }
            ],
            "UseCloudFileShare": false
        }
    },
    {
        "adapter": "Pipeline-Export",
        "migrationjob": "Export",
        "version": "V1",
        "config":
        {
            "source": "https://dev.azure.com/PeabDevOps",
            "target": "C:\\Temp\\PEAB\\Pipeline",
            "orgName": "PeabDevOps",
            "projectName": "Integration",
            "buildDefinitionFilters":
            [
                {"path": "\\*"}
            ],
            "releaseDefinitionFilters":
            [
                {"path": "\\*"}
            ]
        }
    },
    {
        "adapter": "AreaPath-Import",
        "migrationjob": "Import",
        "version": "V1",
        "config":
        {
            "target": "https://dev.azure.com/PeabDevOps",
            "SourceFilePath": "C:\\Temp\\PEAB\\AreaPath",
            "TargetProject": "Sandbox-migration"
        }
    },
    {
        "adapter": "IterationPath-Import",
        "migrationjob": "Import",
        "version": "V1",
        "config":
        {
            "target": "https://dev.azure.com/PeabDevOps",
            "SourceFilePath": "C:\\Temp\\PEAB\\IterationPath",
            "TargetProject": "Sandbox-migration"
        }
    },
    {
        "adapter": "VariableGroup-Import",
        "migrationjob": "Import",
        "version": "V1",
        "config":
        {
            "target": "https://dev.azure.com/PeabDevOps",
            "SourceFilePath": "C:\\Temp\\PEAB\\VariableGroup",
            "TargetProject": "Sandbox-migration"
        }
    },
    {
        "adapter": "Team-Import",
        "migrationjob": "Import",
        "version": "V1",
        "config":
        {
            "target": "https://dev.azure.com/PeabDevOps",
            "SourceFilePath": "C:\\Temp\\PEAB\\Team",
            "TargetProject": "Sandbox-migration"
        }
    },
    {
        "adapter": "Git-Import",
        "migrationjob": "Import",
        "version": "V1",
        "config":
        {
            "target": "https://dev.azure.com/PeabDevOps",
            "SourceFilePath": "C:\\Temp\\PEAB\\Git\\Integration",
            "TargetProject": "Sandbox-migration"
        }
    },
    {
        "adapter": "Pipeline-Import",
        "migrationjob": "Import",
        "version": "V1",
        "config":
        {
            "Source":  "https://dev.azure.com/PeabDevOps",
            "Target":  "https://dev.azure.com/PeabDevOps",
            "SourceFilePath": "C:\\Temp\\PEAB\\Pipeline",
            "orgName": "PeabDevOps",
            "TargetProject": "Sandbox-migration",
            "queueIdMapping": "ap-mapping.csv",
            "serviceConnectionMapping": "sc-mapping.csv",
            "variableGroupsMapping": "vg-mapping.csv",
            "repositoryMapping": "repo-mapping.csv"
        }
    }
]