f3df858d-65cd-47bf-9a74-00953145baac,805b3384-f6c6-4ec7-9087-2a005631b18f
e0b8c5ea-182a-4890-befb-028a50b52b52,0007da0e-8e13-4294-ab17-6154ceab8c46
885f8568-d05a-491d-b660-047c102131a0,3208fe0d-019d-43ae-8e61-d63650f6f9f9
90d7aa6c-4500-402a-a3e0-04fa94cb33a1,76737de6-40b5-407f-9f6a-5b1e4db73c91
b5e9df32-5f68-47bd-ba96-068bd9c48a43,c9ce0ce5-7efd-406c-821e-b5acb28e3ddd
63b804f5-9d07-4ee1-be49-06eff30c30ab,c3909a31-3f6d-4bf2-8696-701f64ee181d
dfd16e53-f10e-47ac-905d-071ed3d7f3da,2ebe6a7d-93a6-4291-b735-848f27b6002c
7691339f-becb-490d-92d9-071f49f73dcf,d660aa7e-a40e-48fb-acc8-d31dc32abfdc
076cd85e-5695-4951-a1e5-07351c1a0794,90db4154-adf6-4d33-be79-2e537a0da567
53f1461f-ec2c-47b2-9cc3-074042f4106d,1a1100b3-772e-4cc6-bdbf-c7f3d81d3080
16c66d5c-f1db-4397-8c87-081866d41fec,8a82a4ac-849d-432d-9975-a3a3a4135894
ca387cc5-2350-4b6c-95da-0913e38903d7,fe8ae729-5f48-475a-971c-cb2f1ea4384e
8ce50d76-6e94-4494-85cd-0a7c07db6927,10ea49c6-beab-44ed-9c7f-4a207d299762
5bc5fd09-cd1c-4672-8c06-0a8fd499bc80,f33f7e03-9fed-4708-9986-b8c8d7c03197
54a264c5-5072-4702-9163-0ac42f98425e,fa5afef8-5626-4509-aa5c-925ec2eecae1
9a69b03e-6e98-4ec8-9936-0c9a22fe294c,1e1606a4-c806-4a1d-a0c0-06820f8cb879
ccabef28-2923-4248-be89-0ca8f353d1b6,e87683f0-ca66-4813-8f0c-7cd375940bac
e1053f59-1d61-4a96-96fe-0dddd8e39b3a,03685985-f6a1-466a-8e61-a46802ed00d3
cb77854e-2430-44a4-bb4d-0f7519a1f35d,b15b0a5a-29c8-4716-a192-7db49cedf285
5e29c6f6-a1cd-47bd-9620-0faa8b764ddb,bdbde7bb-86dd-4907-9944-715f5862487e
7cee3f20-7712-41da-a88c-0fd43caa5587,d4ad9f6a-098e-4568-89b4-9a119fe24f0a
942761c9-4fa7-41ba-93df-100f7ac8a20c,e30604aa-42a6-4e36-9fbd-a888af1cece1
85020894-0e79-4503-83d1-127b52b246a1,10a7a167-8d94-42c2-9d21-42c700391a40
88b0d3ee-607a-49b7-8c30-141e6cf79c83,91f46afc-9680-4b21-bb50-8095c7a9b46d
836d8512-5a59-4345-9e0c-1609872215a2,f04953fd-a4f5-48a7-b359-57c436c86ea3
735585f7-d1d3-4734-bf97-165b33b8d1ee,b036c97b-6019-413a-97ce-9040d5475497
a7b7564f-cb80-4752-9911-16eada048502,3a54a121-6e1b-49d1-9f86-ef8c6ce53d6c
92d4bdb4-b513-475f-bccf-1914e57867d2,df413b4f-ea15-4dc8-bd08-564d03eadc66
d9c1be0a-26b4-4e16-b228-195bd1bb82ba,427b4aa0-f7e2-4012-895f-e59cc6446677
f5eccbe1-3234-4469-bd27-19a662c0c061,3b93e1c0-aa58-4409-ae26-43887cdb6200
b7fffe3f-b1b5-4c56-a8e0-1b869387bab2,e89eb855-9e62-44e3-94e2-dde872f5f5f7
ddc6cd21-8a2d-468c-93d1-1b9fe2499cba,fc26680b-ea36-4443-8e37-73204bf6ddb7
c5c62b82-fea6-4fb5-892e-1c731502763c,3f6b25e8-8879-4f6b-9f26-90e89087953b
343dc31c-3c97-4345-9658-1cf0be518e14,b8165c96-1d11-4814-ab27-f87be2e2a8dc
0f422031-15b5-4a1a-b30d-1eae40a37f63,85e54d0c-e4cf-4526-8cf5-9ffbfa2581ca
b8b95ea5-75b6-451b-9264-1ecd3228785e,b142c556-a284-41f1-9d47-8426ef49b8df
a2fd6b7f-1aec-4237-b819-1fabc7e73aca,dae43104-ed6c-467e-a28e-e9219cd3759c
e678f02b-7c44-4c71-a2d0-1fd51c769314,71214094-f1d0-422e-bfb3-a5a4cdf11e32
2e50210a-35d7-44c2-bdb1-1fe99d2a4576,93195c0c-29cc-4e18-ae53-765ab63151e3
92a4b632-2ab3-427f-a1e5-205dcad3481e,9e1aaa14-7040-4fe1-bbb4-62450c6033f2
063fe470-bf76-4c83-b8fc-230e985c3fcd,59a481c6-aba4-424d-a6ab-9cec91d3b936
4a1ce1b2-7a5b-47c3-8cb4-242b7b46acda,d1a7e218-fb41-4132-9b8a-339787d9cbca
b51426ac-427c-4f93-9582-243c2cec651f,117ebbe4-ee20-459f-b24a-df2012014456
3f17b04a-3fc6-4b66-82c9-2662ed3adb8a,46fc8e75-4201-4a1e-ac10-e1e51410c54c
bde21a2b-b56a-4696-9f5b-2768c9b35a06,b6487626-0f7d-4bdd-9a74-3b8ec47b050c
09d7cea3-9afd-473f-9d4d-27c6ec487fce,fea2212c-a8da-435d-9dd8-b2825184b613
83f6d253-bd32-4652-984c-2956f8b7ceba,8a10330c-9286-4b92-8c70-98e969ecaa35
3bd01da5-a5bc-45a7-b30b-29d701c9a4e4,e1288deb-6b4f-4df3-90d7-07af8447cee5
3bc08949-c406-40a8-afcb-2b230f2da52e,5080c4e1-9137-416a-9836-eac1bf5f9d1b
32017c1a-0cde-49ed-a18d-2bcdae6c66fa,eb1f0f82-daa3-43aa-82b9-28fd84a15557
26a6e6d5-f1df-46a2-b915-2bff8528b42e,a55f33da-814c-4257-9ac9-fca6083a7726
ccefc389-2436-4559-9fcb-2c8f58371ded,850c24e5-0c24-4045-9018-c160a85b7090
bc99b3eb-fa0c-4a49-b0dc-2cdaf0444386,7a71bd12-249c-4d8e-88c4-82d939b30769
c21667d6-355c-4388-839e-2d21157266d7,b92036b2-a88d-4a34-af23-2cafbe218fe6
150c65f5-756e-4c7a-a498-2d3ea2e2e67e,37cb23a6-c41d-471c-b774-9aaa95525931
3597bcff-fd1c-456c-8981-2eefd290d1d8,54528828-4842-4544-8de9-b37f68b39cc1
3e91f7df-f0a9-4553-864e-342305ab69ef,025302c4-fb8d-4f43-b908-cbec02911aaf
7bfc023f-268c-4036-8e48-35395a63b95b,cdffd1ef-4090-4b23-be42-35112e7dc7d8
1ddbad3d-ca25-4f20-aa0f-35ca8ab829db,698d020e-b7d8-43e0-ba40-aacab5101e9f
b5489233-1de2-4273-a606-36f859c7e493,b0e3e034-a5b5-42cf-8a80-2b7d7e468755
8681dcd1-c917-46e2-9525-371dff7fc7a2,ae39b674-da43-41ef-8cb7-739e6bbc042f
5b2d9253-fb10-422e-a1d1-389ef87db8ec,4b41200e-9b3f-4975-aceb-349a1272a74a
3a3acfac-7485-463a-be93-38f76a69e491,50a4b0e5-8fd0-42d6-887b-0697709fe7f4
dff9c57e-7fd2-4e30-98c2-3911cde6bff1,9776840a-ee29-44da-9fd1-6f70d98eebf2
49bf65a4-336a-442e-8a0e-3975d4887233,9b09b753-b27f-464e-9b4c-5947d24b912e
5e660446-d35f-4e1e-92a3-3995aa84bc3f,b11ad42b-c856-4dad-814c-fed12fbf6e91
9bbcfe32-3735-4ea0-aa8a-3a3070f2b259,1fb11612-e540-4592-a40b-e14536cecc9a
e4dfeffa-c669-44cf-9e99-3b501a8044dd,2a15be59-093c-4f1a-ba65-80a2fd149177
58d091de-168a-45ef-b010-3c7d48a76598,457c4a74-ca74-4ad0-b8f0-090ef03178d8
fe1634a4-21de-48b6-8dca-3cddfe3c53e2,df83e66f-e35b-4ae3-8f5a-71bc6efc4b04
53956de5-a7c7-4f7e-ac86-3da3ef401f31,d7baf048-a2e7-45c8-a464-36dcd7179856
17eb6181-0a40-4045-855b-3e06717da998,d05d57d2-1129-4377-8674-3df77f5c172f
4d1281b2-b18e-4008-b31a-3e7225b946b4,d2894560-9649-4ff3-ba49-efa47700618e
e29362d1-0131-48dc-a466-3f64262e9b93,d3019f67-6d07-4434-bfac-41eabc784303
7a7404b4-07ba-4772-8ad2-3fba3382f797,59535c36-778d-4db6-a031-ea0b9879db50
2407f602-1f98-48b9-86c1-4057ba23ad4c,9a19775b-4430-4bd0-a7d9-3d00a2b0f4b7
e5c9e5d8-73df-4f96-af12-41d5987aba3e,ca5a3e32-8ebb-444a-8a70-b24db3920716
b3fc2541-fe95-4a50-8a06-4225efe8e852,a895ae9c-b07c-4309-87df-70fdfcb10003
529e9f47-96c7-47f7-8958-427880eaee63,f889d653-a73a-41a7-84b7-09ab913d553d
b980e036-7110-4e11-a700-434411407d5d,46f70767-085e-4d2e-a702-fefa3503c780
f0596067-e1b6-422f-8090-437ff5d563fd,cf573a59-81bc-4fd7-a198-d6e805e295ce
c62ebf74-237f-40ab-9ec2-442e4e860e36,1b49efd2-6e7d-4cc1-8427-0cee693035ee
cb390bcd-6856-4e64-a303-46122c70c665,4cf9fd1e-02ab-41eb-bf8b-bece692d7d58
fe4e1c00-0e7b-4351-a022-4705d81a00cc,c45a0895-2a52-4f41-b040-eb88198b271e
444fbb45-4fbe-4996-8d9c-484e75965233,eed99790-09bd-47ba-9ed9-b5a4adba4f96
4ffaa3da-5bd2-48e9-8199-489cd4651307,dc2d03fb-050e-4831-9cee-d1f0e7554904
cb4f995e-8596-4cad-86e3-4961ba62f5d8,f409ae33-8a9d-4869-b0cf-3adcb79afa88
d60d63e8-aaf8-4fac-9fce-4a6ae3393dc5,ca86c56c-c6b5-4a6d-b030-3d9502901a45
87c3c3bc-eaea-4f5a-b8d6-4a6c4d55d4c3,10abf963-4629-4fe7-bbc9-60014db59185
9bb25851-2982-4fcd-b128-4b6b07d515ec,7595ee37-85f0-491f-8be7-05ab60ed88c8
c4219c33-604f-4964-b46d-4f4d20741793,36c4551b-1a2b-41c8-9ef1-c4e94d96416c
3d42f849-7596-49db-aa83-4f73c25da794,9f4670eb-7503-4366-b571-2e18e34930be
d4c6f2f7-c390-4178-a0e7-4fb173b9ac47,9b680a18-8a77-47f2-9ada-bd2b10fd68cb
ae7ee520-896f-4356-bb68-4fc39cff16c6,48f58440-5a34-462f-b1b2-fffd0ec8a6a3
9301ebb1-dd5f-4a36-a24a-5182384bef04,3b3d7095-fbae-4be7-9af6-335d38574970
e99b0b5e-cb6e-44a3-a07c-51ae83dd21fc,124528ab-e331-4caa-80a4-04148f7b637b
6b7f726e-a535-43b1-89e4-531f3a7aac13,00272eaa-9447-40c3-9261-f5f9c08d7684
a9019c67-b64d-456e-8280-54fa4054aa70,a2365fab-dcb1-464a-9643-6be78de0e30a
37dcc4df-9b11-47c3-ae04-564a6dfdc5bb,8f180563-af26-4e42-8e43-29c42b2424a4
6481887d-61c1-401b-bc3d-569118041fed,9f551e65-c30c-49f5-a4fd-48b9e1f775d6
973bdba1-1ee1-416c-87e2-56b81a4dfd05,a7903447-b227-4a57-aec0-3b683ebd665e
e3e1cabd-1a57-47e5-ae5d-57b3787e9928,feb6a68a-c4cb-4ed3-81d2-ede7276d05eb
36df8a8b-3e65-49a6-8648-59fd2116f45a,bedbb6aa-4162-4dbc-b97a-a73d18298707
fcb5c64d-f199-4a97-a31a-5c6da0c2fa48,58d92850-440c-4fd6-a276-ec5c741998d1
663b957f-a26d-4800-b97b-5cd720ac2240,e07b04a1-f426-4a01-a005-a0b563834c3a
7bc9897f-11a3-4f3f-864a-5e89ed9ff354,de38de19-e122-46c8-8924-35318af4d920
b2c385be-c735-41de-a8b3-61588ac54645,b828a459-3353-4e11-a204-5b195b920e1f
a3a5e048-983e-4448-8cf6-6259c2d075cf,86d592f0-21fc-432f-8398-cb6914c31d30
2d69f731-7cfd-4bfa-b876-6278855b3957,0539be4b-ced7-445f-8ee9-10a76bd408b0
3cac0acd-0200-44cf-aa01-627d2179b4ae,29f97812-d73d-4c7f-9453-92284885c32c
ba1924b1-7125-4474-a194-62a8a260eb6e,f7c808a7-defb-4917-bbc2-5a1d3124f3b6
ed838276-5536-4628-8d52-63143e7f2efb,303d5018-eadf-4e9c-a209-1a7405e6bf1f
b8c2d672-c203-43eb-ba09-6338cf9865f5,22ce18af-dfb7-47f5-9229-ad64ccdd33b5
0bc831b8-767f-4974-845d-64057e58ea13,0bdd0969-6899-4bf5-b066-92eedc607a19
1ccb6052-e711-4b8a-b622-64b78f1381a9,5644b654-37df-4076-a4ac-290f33f615f1
f46224b2-4cfc-4bd9-b0a3-652f2b255ab0,c6ee246f-825f-408e-b64a-c1665f452d24
44a96d2a-7a0a-46c5-a368-65b851f76734,e66acb52-880d-4a3e-8924-bfbdff4644aa
25083272-cf76-4d16-91b7-65cb7dc1b962,e4073d3d-d7ca-40f9-b195-e6a138dbf8da
b7f84f2e-afec-4099-a370-669a7e385dfa,ab7c65a4-98a5-4b2b-9e4c-c4509ce518bf
21ba85af-2f66-4d8e-8533-685760b97f07,de131237-a1a4-4276-8e44-ec27b6ccef39
2088b931-7d18-45d4-ba5d-68fda8e648af,bfe69843-ec59-4bb5-a060-202d0a5d388b
0a2f3bcf-c7f6-4478-ad2e-695ae48c8224,994eab83-90aa-4761-a049-e822a221d037
de4aa6eb-9160-4ef4-bf55-6d84cbf11309,b4e2fcbb-f4e6-49bd-ad94-c3355394ae99
b63c14b5-3f3a-4105-ae4d-70422c11d9aa,0eb5283c-0093-4a00-8592-9a24503f9b50
b8f10716-781b-49a4-9da6-70daca18efc6,fa5e927a-9ba9-4381-8340-62fc34887060
ad8895de-9c7f-4dc3-bb23-7116651758e1,5ea47d85-6c9f-4a5a-9c1b-1c2558dcc966
cc81f610-731d-4691-9a52-711d6301752c,a5eac1f9-ca60-4822-bc67-7d29e0d7f74a
8e9c38c2-1c7e-4e6a-954b-713cc9ec3328,7fcc69b3-2343-4451-a073-225cbca05bd9
827ee124-b61c-4d71-9815-71650907ca57,1564996f-42bb-4825-9d48-ec96ef53ba65
079eb7c0-4f0f-41b1-bf68-72677e819c81,75adc85c-c8d3-4d20-b306-f5cce23b5a2d
57125e7f-3b87-4f4a-b3d2-727897e35896,1e45b3bb-50c8-4c4a-8f88-ef0a46beb7b9
95481444-736c-4c4d-995a-734ad7bc8c43,7172304f-1539-4bad-ae0c-cef641eebeb9
8fc9865f-e9b4-4a94-a3ab-74ceef1db9f6,8700ff41-67df-4138-9d0b-db7b2c01de84
6432486e-ee0a-4d37-bbbb-755a6a302c37,33d7638a-5ca1-4549-b611-6b99c2c30231
b0877c3a-7d8d-4220-b8e5-756e8896e89f,c515330d-fcfe-4d5e-a057-793e6242fec0
5f33985a-0448-42a8-ab10-76b74c4062b7,447e0a19-d99b-4f22-9146-3dbb81ef88fb
208eeb5a-5bb0-450c-a682-76e13387f086,b4603c4c-f18c-4514-9591-082979d85621
4620aa5b-f411-4d37-aada-78045fdac1e7,23591498-d615-4f9d-8aff-fecb4e47a99c
d21ee479-39d4-4db0-b276-79de301746e6,988325b3-d309-48fa-8e4b-947559e0b870
856d0b61-0ca8-40c0-bd7e-7a185de230d5,cb683ae9-70ef-4e3f-9dbb-43f3dbdd32c4
b927e750-27a7-4500-affa-7b4be7aaba96,428393cf-b5bc-441b-b344-7b528ecad00a
70dbe537-090b-4bf6-926c-7b69ff5fb187,4803bf53-8708-4dab-aac2-6ea27f43c8cb
afc6bcfb-a645-47f6-8def-7c29365e6caa,ddf082f2-99bb-4e98-b3d9-5d0c6ea91379
76f34459-76bc-41f0-89e4-7c98fe469748,073c1ed0-55da-43f3-9d92-4fd6987b8a74
04c5ff57-6617-4e30-aae8-7d05b77916b7,27ad5509-01c2-48c7-a735-04320cbeee0c
b07cf739-093e-4051-8f49-7d0e362e2d8e,90e181cf-0a1e-4f0b-a7b7-e196802cb585
93433d8d-4f3c-48c7-a122-80827d0bd4b4,c1061f3e-f10d-45da-b4b4-97ae62caa75d
99a168f5-854c-4089-b418-8164daeb2e4e,b19eac42-4a00-477b-b271-ed357ef51482
9aaf14a2-de93-4949-8a57-817377d95758,c6826ecc-a63f-4318-911e-b621897b27b6
1f3dd9f3-b77f-438c-9a4f-82b3d8dc06d2,b55a1eb4-e2d1-43ef-b68f-bd19cc78f0bc
63ba5f37-2da5-435e-8f25-832e3108b4dc,dac1e28c-c167-45c8-8af9-6ff704ff20a0
fcfa32d8-8089-452c-a53c-83d7e241f577,78132624-8f93-4a49-9ed0-a10765d292df
28499bfc-b2f6-401e-a5e0-846b5cfe1496,0d4a337a-2107-4085-aa2b-81f52fceda84
20b07dbd-03f2-4fa9-8ea6-84cbee16b334,bbeb81b2-51f8-4bfd-8bf1-da873f3edc1b
4614cf87-201d-4a32-950f-894555936f20,cb4797f3-4732-42c4-939e-af340e65fd66
89a80301-dc9b-4486-a640-8abc113b825a,1081bb22-ee15-435a-93d1-dc4674b5f0bd
a745412e-6660-4339-a02e-8b455f224c7f,3050c826-c9f9-462a-ad97-600b92ac1c2f
5bd04145-76ab-4850-8dff-8bbc7a355d43,0aa241dd-9cb1-4fd2-bfa8-aaefc12fd290
b34ce0bf-a44c-4e20-bb40-8c10d46a094d,7264222e-ae7b-4acd-a8aa-9d5e630e9801
eba9758d-fdff-4aa1-8c76-8cb026dd8654,6dde273b-b3b6-4b1d-9c93-7cf45e645b23
8fd1b3f4-8cdc-46b5-943b-8d90d87a5c2d,c1fd3133-1684-4743-be6f-6b75759f9745
83c7f61d-a376-45da-a14f-8f7d6171be01,53d9bfc1-94a5-42f8-9967-505025cd965c
554f9117-e96d-4de7-a6a9-8ff2abdfbc1e,85d6aa05-6c7e-4afa-a182-14d4ac4fbeb5
0be64520-ce56-4ffe-a117-9099e2152bbe,940d12ad-fa42-4e12-a718-b65393108eab
c50458de-0eaf-4570-aa50-9139b317f31a,d8660f43-bde9-458d-a0e6-8b476fd8066b
8e43d9fc-01ee-4753-991d-92d8ba91dc6a,d058e8b7-1c08-4c5c-9199-4c7cfa8a8b2c
02b13b69-522b-4f88-bcca-9307cb32f6ff,abab76dc-e955-41d8-a56f-484ef701a313
782059fe-889e-4a1e-a98c-96bfc48e72a3,32db2b1b-b3ec-47fa-9bfd-252bc96e8bbe
da71e443-6c84-4624-b33d-96e6323022b6,8077f4ee-26c9-4964-85c6-bdd7b82bc88f
f30e6e83-d261-45d8-8855-9726e6d68bdd,0c118422-8bff-4a7c-ba31-d5ac1875dbdd
7d32a126-9997-4a7c-9510-97891c7fbaa9,ad73edb1-ed14-4126-b129-f9df134f08fb
12800f31-356b-4da5-883a-97b4cbbbb226,fd475d66-8ea7-4e53-997a-93e3e8e1a17c
4f6a7ca5-9b62-4313-adec-97d076accb69,16eaf4c8-1b90-4f6d-ae1b-e25a1cc75e0c
49fa13c1-8be1-478b-bceb-97d8fe3f8c77,e76d19a8-c27b-4abb-9f40-81d07f2701cd
27d6b0b6-62c8-4089-bb54-97f89cafbab0,f5f5c8a0-fd32-442f-864e-603db8654a9a
b070a5ef-66d6-48d4-81e7-9936157ac049,2c9ad21e-979e-459c-bfaf-9332e5195ca2
616844e0-04fd-4f91-aaae-99c46e0dea68,6ed15af9-0ac2-4867-89cc-66ecb0f5cbb6
24a426a3-1d41-4d8a-a9cd-99dae7dc9862,a1c1a664-eb65-467e-9ea4-c70d305bed21
356ef18d-295e-4e42-94fd-9b26a7bc67d6,9d81c637-d90b-49be-9f0f-b1dc4a95af3b
2e06d495-f7bb-47ec-aa9a-9b9544c08223,b1627ef5-888e-424c-962d-1cdf9dde5a78
5a2b5005-0820-4546-9a4c-9be513e77825,94b4bd5c-4cfe-4f46-ae60-8e7045cadd9d
e755b2c0-2c09-4f83-9842-9c66f639d2ab,d4318dc6-5eb5-4b0e-9566-0984cf96f1da
725ca8a4-2331-4b3a-a5b6-9dca9e7fdfea,7ddc10db-c180-41c4-bd0a-ff98eb521070
8c5b3932-9f83-462a-950b-9e4400c458f7,f18274eb-3097-4ca4-bb36-00cf45b22c97
b4089ff8-7548-40d0-aa73-9e5c01c12df4,cc6dea1c-dd2d-4b87-9e12-2fca69c58315
316035a9-f78a-4e7d-90f0-9e6ff0311858,5d781e27-6af8-4e5d-8aa7-531dd06f4b96
1d46b7c6-6841-49a5-aec7-9ff8d7d1decc,9dcec03f-5ac0-4a86-a09c-a9cb4863ad4f
3986632b-b60d-4899-b2fc-a11c3d5eb146,aeec33a4-ec8b-4ed7-83aa-8c07d60cb13d
d8fae7f9-66ae-4665-bfa9-a23f9a2118d1,4f5fd9a1-20eb-4afb-b950-63e9c12b15e4
68074b16-75f8-44d3-ab58-a26c975fc440,da4ec7f2-10d5-4912-a587-023f08e41b96
66322036-cc10-4351-87ce-a2b8fde18573,14c66cad-97aa-4e41-b9cb-2e60283f1fd9
550dee36-e903-488c-ab17-a2e2fceb7b1f,4a43070e-7ac1-4033-81e4-b456a51d9f5e
010a6f05-973f-49af-80f8-a31b15bff354,1256d0f9-4f3b-4d7d-8207-f2e805c2424c
4f0c7256-5afe-4d06-b3f3-a3e767f1f79f,6495dcaa-8d97-4000-8d90-cc87be3d7795
faf8c482-9c06-410d-a924-a4920ce572ca,bddc6062-f822-4a64-88b5-0c29d8f9aa27
cd34bb06-04ef-445a-a046-a521089d99f7,655c5285-e92d-443b-8291-cb48fe506484
aed7bb44-1bde-4f3c-9ead-a5a638d176b2,9dc54973-4c0e-45e0-a6bc-62949c05ca0e
5fe06d0c-230a-419a-8fb7-a6236654998d,3c8b65f6-4a53-436d-b6e6-ee75ed89453b
2772b7db-d9fd-4ea2-9ecd-a6e99b452891,3ce48b82-300b-4b76-b96b-e6b1ceadd260
e0911aa4-e5a4-4d28-a466-a76222aa7d12,59d6ec60-ca53-4dd3-ab5a-add449259080
a54f4c42-4c92-444f-99a8-a902e4147321,d61da834-a1a5-48c2-8933-b27d95636641
59342d7a-21e7-4ee2-b2b2-ab404504df58,8f050fdc-c5c5-4c49-8c18-d22edfb395c7
3d8e6e2f-bf99-479e-ba2e-ab585a931d32,4f659243-54fb-428e-a83a-9ae87486a57b
e0a7154a-258f-452e-9c62-abdf8ef73b0f,e229d34a-05be-474c-9864-b9c938ae5b67
799475c3-69e3-4f96-ad7b-af078cf07b44,a807bfea-74cd-4cbe-a7ec-c59f1d03e118
898c3e55-12a9-4ba2-a9e7-afea4379746e,11194a11-98ba-4132-af35-e4d8405fcb06
9f9724a5-9c30-4694-a18a-b2c1c81ab0e1,a0db7a5f-845b-4fe1-b1a6-d6112bea5fa6
65820b72-bc49-4259-a258-b40e153d4b5f,e81d2336-c039-4bac-b9a0-befb9145b49e
b60b0dd1-d477-4cb4-9660-b6079934f323,ece08c2c-869c-4ef3-a178-e5d6d2b1f7a4
545cb98b-4aa5-468a-9052-b73119d7d142,8a7eae4b-a390-44c1-802b-7b823cbbcb32
6b443f32-ce20-4db8-881f-b763cf5ddff1,850425f2-0c67-4173-97fe-2af036c39f23
6664e187-df3b-4715-86d9-b7c0ebe99eff,b0e40dcd-0c23-46cb-b8de-a27bf7bc9737
9f806fff-175d-48f7-b46f-b84be6eeec6a,171e7552-381e-4073-891c-d15446c36e88
bbcde96d-310b-4238-838e-b8dddf716585,096927af-335d-4db8-9af7-49e43c0d00d7
7663bd53-8f68-43a4-97b8-b946de661172,c560283b-937f-42c2-b108-61651a57cf46
a0b5ccb8-2a28-42fd-8f39-b9df0a0edbba,e0a10507-e1a9-4a37-b2c8-ad33c5b923e0
ae1fd7d4-68d1-43c2-bdc5-ba1f11c45af6,eee57330-2197-442d-8226-00ec1e65608b
4a5db4df-cabe-4c47-964d-ba8465980e1d,283475f1-70ad-4fb2-9ec9-f0b36989526c
f239eb4f-54eb-4364-b1c8-bbd885446a62,4637ca7c-f521-45ec-833d-2701d7f28ff6
231baa8f-0688-47d8-abf4-bc609b6dd8ac,b9d71677-2b10-443d-86f3-ee786b26a820
284dadf2-1e2c-4647-97e9-bc8b9cabbbfb,f5e761b5-fd50-411d-b9bb-3b9f6ced1d14
632a2825-3195-42e5-b4a9-be7857426dd1,7a3400b5-32f8-4920-9283-2b675275e89f
f00b21d5-2e75-4958-8fe9-bf4ef4280fbf,828ceff8-d216-4d4d-b87a-06c835055f1a
84b4d04b-4b13-4f1b-9471-c00d97446065,c81be76e-3014-44d6-b707-2fd2de93a00d
19cb4db9-e383-4f51-bc8f-c048ef071f38,dbda2b37-b5f3-45be-a014-f362f40c6b4c
5fbb62dc-d91c-4795-8ce6-c0ed6646fe8d,98f930d0-8141-4dfd-95fe-a6274c2b3f63
23a7abb0-4283-48b5-9d5c-c2aac23c0020,96e5d25a-efb2-4363-a0cd-1a6ec90a3247
a76a9aa6-ec71-4e55-b8f3-c2f59037e6f8,06dd404e-dfb3-4e00-90f4-6baf05c39bcb
50a0df1d-0955-4465-886d-c3a325ea8fe9,3ca1d4ec-c2ff-4e63-b5f1-b3b757f2b81d
44da9671-e65f-4270-8237-c442fea69f36,836b7fa6-afa4-44e2-8035-62084f5230f3
9724fb3f-16bb-4373-9925-c521ec951375,df04e28e-2dbd-4ff1-99d5-df75f0600a2c
6006f0c5-8864-4c8f-84ec-c52df51cebda,af99f494-e37f-483c-a1a5-e8fddf8d83e2
fb9ffd37-f133-40dd-b10b-c52e1b9a80f1,c44fc7db-d24e-47b5-ad5e-d9bc9f6cf297
3dae93eb-9631-429c-9a1b-c6780a7a4bc5,8340522b-bbba-4c2a-b6e9-7e1696a34b04
31c12d00-5161-462c-b040-c804648f6811,ae8a4609-4145-4686-a7d8-fce7a37d1064
b176ab81-e183-4424-b9ce-c826d455b8cd,51211a9d-069d-4f4a-bc7e-c21753d23cb2
0e9de23a-f982-4abe-9ef6-c86afc49f939,b5fdc83b-ac0b-4a34-a324-21941f3e632c
bee1e7d7-e41c-412a-98e1-c89bd6deebbf,69217a93-58e0-44d8-9d6e-31ee9ad59563
17536194-ce33-45a1-94da-c8d0123e3f6c,27a121a4-56e4-42f1-85a3-9445c43b3042
511859cc-4eaa-4d2c-ac92-cad04543f234,2eeff13e-8d8f-4c07-b16b-367eb868989a
5b7c5127-15ad-4a25-99d7-cdcf2a866c93,3b671326-95e7-49e8-a100-5dc62862f1be
51e953a0-60dd-494b-a21b-cf0fb63b1d6d,3bb53c01-7f68-4f5f-8a07-85ae5d88371b
5ffb42d8-0ede-4d30-8315-d02293e5dd8d,c3ba3d7d-c3a8-4da8-a11c-a6732ca9f60a
df3c997a-5e09-4e5f-961a-d076377e088a,ee203017-d988-404a-a093-4e2e6cf68f86
391db3e4-0485-4b29-b2d6-d1e1f0dc10d6,0a126f6e-fa55-4081-a46f-badadc73adb2
67b854e2-af40-47c6-957f-d203490f0aaf,0e88a242-d740-452d-96c4-c329fc6dc056
d2e4a96d-0096-466c-92f4-d50e0c62833c,2fcfff44-d282-480e-a0c6-a475302a30d3
624c9cdc-dfdd-450c-90ee-d60efb3cc2cc,7445ea8e-da9b-4f3c-853e-00a48f76e024
9c72aebf-0f97-48ff-be93-d733a5b867b7,52a93873-f3a7-4fd1-b49b-56294b78c813
93c98ab4-d20e-41e9-bb0d-d8feaf9f8ceb,d1867154-8a3c-417b-9279-bab6440c92eb
da1e35c5-9d9e-4cbf-b372-dc40a3576024,423c603e-18a2-41bb-b42c-d0a124e4b2ed
dc451924-0ea8-4116-aeac-ddb08bde9372,7c1159da-c4c2-4c70-b65a-bfad037a6f40
268c8327-d944-43ef-9170-e0d8d1b12267,e3d1f3ce-894c-42ee-b15e-3183b47ab3b9
4da83620-5181-4d51-a1e6-e0dcb90ff1c2,8b1bd3e2-3bbd-4262-a5f4-3190d5bb38aa
d0932658-9242-476b-a653-e308a4b4e640,a4b7f9f1-aa45-4c67-ae96-80d2182def72
26f17e0d-cf45-4711-a958-e377b286a94a,52e71254-748a-4f2e-8605-49b1026116db
495559d0-fdd3-459f-8c3a-e3c8f1f3116a,d978e875-00e4-433a-82de-5993f527db4b
4e8fed12-213f-4757-b8c9-e50c5840abde,38270ebd-4ce2-4b68-a0c8-caf781af06fe
b5eabc58-c8c8-4325-bb48-e5c12c73b406,5385a0a9-c8c5-44c1-b4d1-3bbcecaf55cd
6fb846a8-a0d0-42fc-98ee-e644133a6ff9,7eaeec6b-ec94-41c1-b0b4-e7f21715a333
7cd2d08d-6ae2-4597-85c7-e9a3991f56b8,0f17b673-9d7d-43ee-8cb8-a62c186941b6
5f0e4a6e-860b-4c2e-a6df-e9e0e2762bbf,d08201c7-75cd-4e70-a3d8-06b255ad3f99
49f513b8-dcc1-4fa9-b49d-ea0985b1e39f,b01644c2-a946-429c-abbe-759b74ddf117
309b77ef-6bc9-4ae6-92ca-eac30b6360d9,3dbddd2c-7de8-4042-9e59-58929a668588
1e7d1fdc-7623-497c-a828-eb8952b38280,a8348241-2f8d-4c4c-b6ab-9329869b52ea
de43e4ad-159e-4c07-9053-eba644418a08,ae0a8294-9ac4-4133-81df-ab94536baeb1
d0f69d4d-660f-492d-afbe-ef3a0cba6f5f,a13363c1-25bb-41d2-9254-fe577ede8b30
acc062a8-ef21-47ae-8261-f01afb074006,01691c0f-ca33-4a61-8359-d07235f35e7a
e6f1494b-09e9-4b00-97ee-f2b1c39bd8e6,05f23c10-e211-457a-8251-f12882c414b0
ba0b3b14-d55a-451a-b83c-f3969a1ee5e0,6bc70b4f-0c41-498c-ae92-d5fafc61eb8f
bf79c16e-4bff-4f34-b256-f3ba50a82bd8,fcf16c11-2cdd-4a2e-ad58-4cc7b7dddac1
7bfc0e48-f63e-45c6-b01f-f4271dd8f9fb,621ee88f-5105-4e8d-b49d-c224d9de5b8f
6a560759-4378-4775-8a15-f466cccfa3f6,11756ac1-ffb0-491a-9252-0d0e0b906541
9212f260-bde0-46ee-8ee6-f4f4943b4c13,c449e7e6-d3db-4550-854e-4b9ebfb78e87
a6e4ed9d-5e4f-4027-b6bc-f5a7967db863,524e0a77-44af-4f49-a512-0cbcb75ba3c6
4ec022c8-2721-4955-ac8a-f6082b34832b,8f88297a-310b-4c72-8ce9-65f14cc98b13
80f5b895-c4e4-4cd1-bf74-f6cf116f1fb6,015a9fb5-54da-45cd-8eb4-903b1d9ffb35
5cd3f3ce-8ddf-447b-af7f-f718e517f992,059b2d5f-35c5-457f-862b-601af9570fac
bfd31dcc-f7a5-4ebc-88e3-f79b71960254,22a238fc-929e-4e63-884a-bcc531b364c3
99540e9b-8a2d-42df-9e6c-f94fd2754ab0,83cb852c-194b-4c5e-85ee-4d7a780519a9
003b2f07-5ce7-4a7d-823a-fa41d31cf8de,1841ab70-9a49-4c08-bfe0-ea99d185cfec
ca976f59-de27-482c-80e0-fa4e361481e0,ccd63b55-77ab-4500-af4a-fdc218888d0e
6f7c9e76-3301-424c-8cb6-fb9a4b8db14d,62589157-2e0d-4136-a0aa-56d27104abaf
33d497f3-c6b9-4078-8964-fc10a3903459,81a4a014-a2a3-4741-b7c8-cb5673436db0
36ac7cf2-d7fb-48e1-804e-fe4f720956f2,d231189c-fc24-45e1-9839-70b7b5674179